model,acc
gpt-4o-2024-08-06,0.5951557093425606
Llama-3.3-70B-Instruct,0.580161476355248
gemma-2-27b-it,0.5594002306805075
