model,acc
gpt-4o-2024-08-06,0.5951557093425606
Llama-3.3-70B-Instruct,0.6182237600922722
gemma-2-27b-it,0.5755478662053056
