model,acc,jacc
gpt-4o-2024-08-06,0.73,0.7016666666666665
gemma-2-27b-it,0.79,0.6424999999999997
Llama-3.3-70B-Instruct,0.79,0.7391666666666665