model,rr,ap@1,ap@3,ap@5,rec@1,rec@3,rec@5,mrr,map@1,map@3,map@5,mrec@1,mrec@3,mrec@5
Llama-3.3-70B-Instruct,,,,,,,,0.4241061130334484,0.3644752018454441,0.39225297962322164,0.37184256055363296,0.10397279675219294,0.14387615468388223,0.15369259859587706
