model,mrr,map@1,map@3,map@5,mrec@1,mrec@3,mrec@5
gemma-2-27b-it,0.27625131353354343,0.2183507549361208,0.25483933410762694,0.24806426635694928,0.08590007870733007,0.11701786826583119,0.12520175651977405
