model,rr,ap@1,ap@3,ap@5,rec@1,rec@3,rec@5,mrr,map@1,map@3,map@5,mrec@1,mrec@3,mrec@5
gpt-4o-2024-08-06,0.4124759707804689,0.34486735870818913,0.38677431757016495,0.36480199923106466,0.09951561945255682,0.14634402345034667,0.1626193054629035
Llama-3.3-70B-Instruct,0.4241061130334484,0.3644752018454441,0.39225297962322164,0.37184256055363296,0.10397279675219294,0.14387615468388223,0.15369259859587706
