model,tn,tp,fn,fp,ratio,acc,prec,rec,spec,f1
gpt-4o-2024-08-06,4772,2616,2172,16,0.3790322580645161,0.7715121136173768,0.993920972644377,0.5463659147869674,0.9966583124477861,0.705121293800539
