model,tn,tp,fn,fp,acc,prec,rec,spec,f1
gemma-2-27b-it,523,4061,727,1317,0.6916113458056729,0.75511342506508,0.8481620718462823,0.2842391304347826,0.7989376352547708
