model,tn,tp,fn,fp,acc,prec,rec,spec,f1
gpt-4o-2024-08-06,865,2640,2148,975,0.5288171394085697,0.7302904564315352,0.5513784461152882,0.4701086956521739,0.6283470189218137
