model,tn,tp,fn,fp,acc,prec,rec,spec,f1
gpt-4o-2024-08-06,865,2640,2148,975,0.5288171394085697,0.7302904564315352,0.5513784461152882,0.4701086956521739,0.6283470189218137
gemma-2-27b-it,523,4061,727,1317,0.6916113458056729,0.75511342506508,0.8481620718462823,0.2842391304347826,0.7989376352547708
Llama-3.3-70B-Instruct,410,4294,494,1430,0.7097163548581774,0.7501747030048916,0.8968253968253969,0.22282608695652173,0.8169710806697108