model,tn,tp,fn,fp,ratio,acc,prec,rec,spec,f1
Llama-3.3-70B-Instruct,4737,4294,494,51,0.8306251194800229,0.9430868838763575,0.9882623705408515,0.8968253968253969,0.9893483709273183,0.9403262892806308
