model,tn,tp,fn,fp,acc,prec,rec,spec,f1
Llama-3.3-70B-Instruct,410,4294,494,1430,0.7097163548581774,0.7501747030048916,0.8968253968253969,0.22282608695652173,0.8169710806697108
