model,tn,tp,fn,fp,ratio,acc,prec,rec,spec,f1
gemma-2-27b-it,4621,4061,727,167,0.7905759162303665,0.906641604010025,0.9605014191106906,0.8481620718462823,0.9651211361737677,0.9008429458740018
