model,tn,tp,fn,fp,ratio,acc,prec,rec,spec,f1
gpt-4o-2024-08-06,4772,2616,2172,16,0.3790322580645161,0.7715121136173768,0.993920972644377,0.5463659147869674,0.9966583124477861,0.705121293800539
gemma-2-27b-it,4621,4061,727,167,0.7905759162303665,0.906641604010025,0.9605014191106906,0.8481620718462823,0.9651211361737677,0.9008429458740018
Llama-3.3-70B-Instruct,4737,4294,494,51,0.8306251194800229,0.9430868838763575,0.9882623705408515,0.8968253968253969,0.9893483709273183,0.9403262892806308