model,mrr,map@1,map@3,map@5,mrec@1,mrec@3,mrec@5
gpt-4o-2024-08-06,0.4124759707804689,0.34486735870818913,0.38677431757016495,0.36480199923106466,0.09951561945255682,0.14634402345034667,0.1626193054629035
