model,acc
gpt-4o-2024-08-06,0.5292096219931272
gemma-2-27b-it,0.5429553264604811
Llama-3.3-70B-Instruct,0.5498281786941581
