model,acc
gpt-4o-2024-08-06,0.5292096219931272
gemma-2-27b-it,0.5257731958762887
