model,tn,tp,fn,fp,ratio,acc,prec,rec,spec,f1
gpt-4o-2024-08-06,1362.0,1511.0,41.0,190.0,1.2124019957234498,0.9255798969072165,0.8883009994121105,0.9735824742268041,0.8775773195876289,0.9289886258837996
Llama-3.3-70B-Instruct,1339.0,1501.0,51.0,213.0,1.233093525179856,0.9149484536082474,0.8757292882147024,0.967139175257732,0.8627577319587629,0.9191671769748928
gemma-2-27b-it,754.0,1543.0,9.0,798.0,3.0681520314547837,0.7400128865979382,0.6591200341734301,0.9942010309278351,0.48582474226804123,0.7927048548677113
