model,acc
Llama-3.3-70B-Instruct,0.7372598162071846
gemma-2-27b-it,0.6581035923141186
